priority_rank,page_id,action,predicted_momentum,confidence,reason_codes,avg_position_mean,position_slope,impressions_sum,ctr_actual,ctr_gap_vs_expected,content_type
1,page_0126,PRIORITY_REFRESH,declining,0.9241335664852137,high_visibility_page,17.426,0.027459294248402183,36003.0,0.008999250062494793,-0.0006007499375052065,guide
2,page_0196,PRIORITY_REFRESH,declining,0.9169620926030886,no_strong_signal,7.891666666666667,0.01238066129480412,17347.0,0.025710497492361793,0.0007104974923617911,blog
3,page_0155,PRIORITY_REFRESH,declining,0.9133737605797468,no_strong_signal,16.980166666666666,0.02950458460683563,24904.0,0.00955669771924189,-4.330228075810974e-05,blog
4,page_0026,PRIORITY_REFRESH,declining,0.9119928791148854,no_strong_signal,16.281333333333333,0.03401278132814676,26455.0,0.010357210357210357,-0.0004427896427896417,category
5,page_0095,PRIORITY_REFRESH,declining,0.911209260264351,no_strong_signal,7.624333333333335,0.0225662684078911,27988.0,0.02854794912105188,0.0035479491210518785,blog
6,page_0233,PRIORITY_REFRESH,declining,0.8966029326646361,high_visibility_page,18.575833333333335,0.037879133092525615,33894.0,0.007670974213725143,0.00047097421372514336,guide
7,page_0178,PRIORITY_REFRESH,declining,0.8959640690940875,no_strong_signal,15.809,0.032051681022506176,18960.0,0.011445147679324894,0.0006451476793248954,landing
8,page_0308,PRIORITY_REFRESH,declining,0.8940917411053492,high_visibility_page,16.503833333333336,0.032165323701027995,50702.0,0.0103151749437892,0.0007151749437892003,category
9,page_0052,PRIORITY_REFRESH,declining,0.8935495996943029,high_visibility_page,14.850833333333332,0.03470602945262567,43321.0,0.012234251286904734,0.0002342512869047339,landing
10,page_0025,PRIORITY_REFRESH,declining,0.8933246705514549,no_strong_signal,11.356000000000002,0.019639899972214443,9641.0,0.015765999377657918,-0.0010340006223420808,guide
11,page_0197,PRIORITY_REFRESH,declining,0.8919237288584672,no_strong_signal,9.255666666666665,0.012215059738816324,16261.0,0.021154910522108113,0.0011549105221081123,category
12,page_0108,PRIORITY_REFRESH,declining,0.8918156777004573,no_strong_signal,17.358500000000003,0.035587385384829404,17656.0,0.00917535115541459,-0.00042464884458541,guide
13,page_0319,PRIORITY_REFRESH,declining,0.8894915120931012,no_strong_signal,7.203166666666667,0.016598221728257874,13818.0,0.030395136778115502,0.0003951367781155034,category
14,page_0219,PRIORITY_REFRESH,declining,0.8864824951602795,high_visibility_page,12.176500000000003,0.02658544040011114,41554.0,0.015882947490012993,0.00028294749001299413,blog
15,page_0141,PRIORITY_REFRESH,declining,0.8845077216898922,low_visibility_page,17.327833333333338,0.03458877465962777,8467.0,0.00933034132514468,-0.00026965867485531994,blog
16,page_0103,PRIORITY_REFRESH,declining,0.8843084032809918,no_strong_signal,8.621166666666666,0.017445679355376463,11616.0,0.02255509641873278,0.002555096418732781,category
17,page_0271,PRIORITY_REFRESH,declining,0.8833980750936727,high_visibility_page,16.738333333333326,0.03676854681856075,37446.0,0.009934305399775677,0.00033430539977567786,blog
18,page_0186,PRIORITY_REFRESH,declining,0.8823073327658048,no_strong_signal,7.605666666666668,0.011981661572659104,11959.0,0.02642361401454971,0.0014236140145497088,blog
19,page_0236,PRIORITY_REFRESH,declining,0.8817563613232763,no_strong_signal,15.9055,0.023051125312586858,17671.0,0.010695489785524306,-0.00010451021447569278,category
20,page_0007,PRIORITY_REFRESH,declining,0.8808238860164429,no_strong_signal,14.481666666666667,0.032782439566546105,19834.0,0.012503781385499646,-0.0006962186145003536,product
21,page_0084,PRIORITY_REFRESH,declining,0.8804858295161203,no_strong_signal,18.7385,0.03812642400666851,27803.0,0.00773297845556235,0.0005329784555623499,product
22,page_0185,PRIORITY_REFRESH,declining,0.8799121058598329,no_strong_signal,12.195000000000004,0.02426840789108091,21831.0,0.014932893591681554,-0.0006671064083184457,landing
23,page_0193,PRIORITY_REFRESH,declining,0.8765279695289157,no_strong_signal,11.802000000000001,0.028452903584328854,16226.0,0.01639344262295082,0.0007934426229508212,product
24,page_0301,PRIORITY_REFRESH,declining,0.8752571817000697,high_visibility_page,13.397999999999998,0.023097527090858567,46603.0,0.014033431324163681,-0.0003665686758363186,guide
25,page_0234,PRIORITY_REFRESH,declining,0.8713609028117135,no_strong_signal,8.853333333333332,0.023714365101417056,14722.0,0.02160032604265725,0.0016003260426572484,landing
26,page_0294,PRIORITY_REFRESH,declining,0.8700904913039058,no_strong_signal,10.364500000000001,0.024808835787718735,30080.0,0.01751994680851064,-0.0004800531914893602,landing
27,page_0106,PRIORITY_REFRESH,declining,0.8682125599015619,high_visibility_page,18.821166666666667,0.03841317032509048,53102.0,0.00753267296900305,0.00033267296900305054,guide
28,page_0039,PRIORITY_REFRESH,declining,0.867142491477707,no_strong_signal,7.137999999999999,0.00907641011392051,18299.0,0.028690092354773485,-0.0013099076452265136,category
29,page_0192,PRIORITY_REFRESH,declining,0.8615607844631483,high_visibility_page,8.300833333333335,0.023926924145595937,38143.0,0.023883805678630417,-0.0011161943213695846,product
30,page_0089,PRIORITY_REFRESH,declining,0.8612641105148526,high_visibility_page,5.634499999999998,0.013160600166713022,54059.0,0.043822490242142846,0.0038224902421428453,blog
31,page_0129,PRIORITY_REFRESH,declining,0.8607275495223004,no_strong_signal,7.058000000000001,0.016259516532370157,10038.0,0.031081888822474597,0.0010818888224745984,product
32,page_0001,PRIORITY_REFRESH,declining,0.8577805397228134,high_visibility_page,13.12666666666667,0.02137260350097263,61953.0,0.014511000274401562,0.00011100027440156222,landing
33,page_0268,PRIORITY_REFRESH,declining,0.8549078575046917,low_visibility_page,17.573333333333334,0.030647957766046105,7571.0,0.009113723418306697,0.0007137234183066977,guide
34,page_0040,PRIORITY_REFRESH,declining,0.854202208910367,no_strong_signal,19.525666666666663,0.04077854959711033,15885.0,0.0068618193264085615,0.0008618193264085614,blog
35,page_0148,PRIORITY_REFRESH,declining,0.8460009753048534,high_visibility_page,7.040166666666665,0.01082661850514031,33133.0,0.029849394863127397,-0.00015060513687260163,landing
36,page_0235,PRIORITY_REFRESH,declining,0.8408450411786743,no_strong_signal,14.778166666666667,0.03222923034176156,25597.0,0.01187639176465992,-0.00012360823534007977,guide
37,page_0267,PRIORITY_REFRESH,declining,0.8407567039720162,low_visibility_page,21.062999999999988,0.035982772992497795,5531.0,0.00741276441873079,0.00141276441873079,product
38,page_0231,PRIORITY_REFRESH,declining,0.8348177153856072,no_strong_signal,8.74033333333333,0.022629063628785757,26049.0,0.021459556988751967,0.0014595569887519665,landing
39,page_0240,PRIORITY_REFRESH,declining,0.833837878458839,low_visibility_page,8.134000000000002,0.020644067796610214,5714.0,0.02502625131256563,2.62513125656276e-05,blog
40,page_0138,PRIORITY_REFRESH,declining,0.8299022854907595,high_visibility_page,6.743833333333334,0.016828285634898466,53429.0,0.03460667427801381,0.0046066742780138115,blog
41,page_0114,PRIORITY_REFRESH,declining,0.8270057938057155,no_strong_signal,15.061666666666662,0.02959488746874142,16067.0,0.012136677662289165,0.00013667766228916446,category
42,page_0201,PRIORITY_REFRESH,declining,0.8269622386867606,no_strong_signal,15.240833333333336,0.03014365101417056,13077.0,0.011470520761642579,-0.0005294792383574217,guide
43,page_0122,PRIORITY_REFRESH,declining,0.82626947049871,no_strong_signal,19.028166666666664,0.03787746596276746,14808.0,0.00715829281469476,-4.1707185305240105e-05,blog
44,page_0161,PRIORITY_REFRESH,declining,0.8261253593519708,low_visibility_page,20.804166666666667,0.044856071130869674,3089.0,0.0012949174490126255,-0.004705082550987375,landing
45,page_0096,PRIORITY_REFRESH,declining,0.8241437466060293,low_visibility_page,9.162166666666666,0.020136426785218042,2432.0,0.021792763157894735,0.0017927631578947348,category
46,page_0299,PRIORITY_REFRESH,declining,0.8218301982886292,low_visibility_page,5.1595,0.015655737704918068,7403.0,0.05052005943536404,0.0005200594353640398,guide
47,page_0061,PRIORITY_REFRESH,declining,0.8183301847576187,high_visibility_page,8.21,0.01243901083634342,58822.0,0.023970623236204143,-0.0010293767637958584,blog
48,page_0124,PRIORITY_REFRESH,declining,0.8144268824399431,low_visibility_page,6.220166666666666,0.0125732147818839,7120.0,0.038904494382022474,-0.0010955056179775269,landing
49,page_0128,PRIORITY_REFRESH,declining,0.8084051282147368,no_strong_signal,10.59116666666666,0.014983328702417226,13415.0,0.01699590011181513,0.0001959001118151324,guide
50,page_0202,PRIORITY_REFRESH,declining,0.8080437559390105,no_strong_signal,19.097833333333334,0.03976521255904437,12006.0,0.006913210061635849,-0.0002867899383641511,guide
51,page_0263,PRIORITY_REFRESH,declining,0.8078172219630144,low_visibility_page,11.167666666666664,0.02047179772158921,6591.0,0.016385980883022302,-0.00041401911697769647,category
52,page_0139,PRIORITY_REFRESH,declining,0.8077497403936308,no_strong_signal,19.684666666666672,0.04589719366490675,10238.0,0.006934948232076577,0.0009349482320765773,blog
53,page_0221,PRIORITY_REFRESH,declining,0.8074315132287618,low_visibility_page,8.3505,0.017945818282856418,1878.0,0.027689030883919063,0.0026890308839190614,category
54,page_0164,PRIORITY_REFRESH,declining,0.8047808786203244,no_strong_signal,18.716666666666665,0.04296026674076127,14532.0,0.007569501789154968,0.0003695017891549683,landing
55,page_0066,PRIORITY_REFRESH,declining,0.8036191461161907,low_visibility_page,19.939666666666664,0.0323223117532644,6870.0,0.007569141193595342,0.0015691411935953416,landing
56,page_0070,PRIORITY_REFRESH,declining,0.8021299442027581,low_visibility_page,15.18816666666666,0.026194776326757492,2899.0,0.012763021731631597,0.0007630217316315965,product
57,page_0006,PRIORITY_REFRESH,declining,0.7937336930312321,low_visibility_page,10.067166666666669,0.02296221172547916,3668.0,0.018538713195201745,0.0005387131952017468,blog
58,page_0004,PRIORITY_REFRESH,declining,0.7708983628835964,low_visibility_page,11.310499999999998,0.02855487635454303,8758.0,0.016556291390728478,-0.00024370860927152085,category
59,page_0297,PRIORITY_REFRESH,declining,0.7704641364987439,no_strong_signal,12.430833333333334,0.013129480411225357,13543.0,0.014620098944103965,-0.0009799010558960344,product
60,page_0087,PRIORITY_REFRESH,declining,0.7697297041597033,low_visibility_page,12.189333333333337,0.020956932481244816,4768.0,0.015310402684563759,-0.00028959731543624044,product
61,page_0215,PRIORITY_REFRESH,declining,0.7620552488174177,low_visibility_page,10.04583333333333,0.02283828841344808,1935.0,0.022739018087855296,0.004739018087855297,category
62,page_0023,PRIORITY_REFRESH,declining,0.7581708936826851,low_visibility_page,9.721166666666667,0.019337871631008665,4491.0,0.018704074816299265,0.0007040748162992667,landing
63,page_0288,PRIORITY_REFRESH,declining,0.7542084555677622,low_visibility_page,18.53100000000001,0.03543762156154495,2703.0,0.001849796522382538,-0.005350203477617462,category
64,page_0245,PRIORITY_REFRESH,declining,0.7530724838931511,no_strong_signal,20.146333333333327,0.048117254792998006,24949.0,0.006252755621467794,0.00025275562146779423,guide
65,page_0034,PRIORITY_REFRESH,declining,0.7422562722707423,low_visibility_page,22.13483333333334,0.047097804945818264,5759.0,0.006251085257857267,0.00025108525785726664,category
66,page_0060,PRIORITY_REFRESH,declining,0.7213499954716355,low_visibility_page,12.823,0.013538205056960174,5193.0,0.01405738494126709,-0.00034261505873291014,blog
67,page_0065,PRIORITY_REFRESH,declining,0.7212445608888985,low_visibility_page,21.706500000000002,0.04907779938871914,5151.0,0.0054358377014172,-0.0005641622985828,category
68,page_0212,PRIORITY_REFRESH,declining,0.7119146334617845,low_visibility_page,7.898333333333336,0.011902195054181663,5822.0,0.0249055307454483,-9.446925455170244e-05,product
69,page_0147,PRIORITY_REFRESH,declining,0.7084872461658586,low_visibility_page,6.333499999999997,0.011333425951653252,2026.0,0.03356367226061204,-0.006436327739387959,category
70,page_0254,PRIORITY_REFRESH,declining,0.6953977447682322,low_visibility_page,7.04466666666667,0.008300639066407312,2113.0,0.031235210601041175,0.0012352106010411756,category
71,page_0280,PRIORITY_REFRESH,declining,0.694228041785071,low_visibility_page,6.207833333333336,0.007384551264240074,8877.0,0.03875183057339191,-0.0012481694266080895,product
72,page_0071,PRIORITY_REFRESH,declining,0.6528023864518003,no_strong_signal,8.359166666666665,0.01307001944984728,13221.0,0.022993722108766358,-0.002006277891233643,product
73,page_0115,PRIORITY_REFRESH,declining,0.6404971742618739,high_visibility_page,5.029000000000001,0.007121978327313227,35022.0,0.052909599680201015,0.0029095996802010124,product
74,page_0287,PRIORITY_REFRESH,declining,0.6389285671841674,low_visibility_page,15.825000000000001,0.04040900250069467,4925.0,0.012385786802030457,0.0015857868020304582,landing
75,page_0175,PRIORITY_REFRESH,declining,0.6195760826904209,low_visibility_page,19.56183333333333,0.04257821617115866,2566.0,0.000779423226812159,-0.005220576773187841,guide
76,page_0214,PRIORITY_REFRESH,declining,0.6159531720039308,low_visibility_page,20.87516666666667,0.044203667685468226,2538.0,0.0,-0.006,blog
77,page_0239,PRIORITY_REFRESH,declining,0.5769000460060865,low_visibility_page,19.601499999999998,0.03747179772158962,2118.0,0.0,-0.006,product
78,page_0055,PRIORITY_REFRESH,declining,0.5616787291962115,low_visibility_page,20.81133333333333,0.04715532092247861,3397.0,0.0,-0.006,guide
79,page_0229,PRIORITY_REFRESH,declining,0.5458305239983285,low_visibility_page,10.429499999999997,0.018389830508474595,3384.0,0.01773049645390071,-0.0002695035460992881,landing
80,page_0154,PROTECT,growing,0.9777473443336333,high_visibility_page,11.73366666666667,-0.029545429285912767,41346.0,0.015261452135635853,-0.00033854786436414604,category
81,page_0195,PROTECT,growing,0.9756714122973574,high_visibility_page,12.15116666666667,-0.02052042233953887,34140.0,0.01479203280609256,-0.0008079671939074384,guide
82,page_0276,PROTECT,growing,0.9754121656547581,high_visibility_page,13.312333333333335,-0.0305312586829676,74585.0,0.01390359991955487,-0.000496400080445129,landing
83,page_0203,PROTECT,growing,0.9743186679438351,high_visibility_page,12.877333333333329,-0.035464295637677126,68542.0,0.014414519564646493,1.4519564646493788e-05,product
84,page_0053,PROTECT,growing,0.971506308690781,high_visibility_page,12.146499999999994,-0.0283398166157265,151303.0,0.015934912063871834,0.0003349120638718346,guide
85,page_0162,PROTECT,growing,0.9710303123471421,high_visibility_page,7.961833333333333,-0.02369574881911637,41752.0,0.025435907261927574,0.00043590726192757265,product
86,page_0218,PROTECT,growing,0.9709095327589611,high_visibility_page,9.791500000000001,-0.022692136704640053,76646.0,0.018813767189416276,0.0008137671894162778,product
87,page_0031,PROTECT,growing,0.9706341529571036,high_visibility_page,11.203,-0.020758544040011196,80909.0,0.01663597374828511,-0.00016402625171488966,guide
88,page_0251,PROTECT,growing,0.9691800651089784,high_visibility_page,11.896666666666665,-0.032206724090024993,40384.0,0.015402139461172741,-0.0001978605388272582,blog
89,page_0262,PROTECT,growing,0.9679364608778845,high_visibility_page,11.41566666666667,-0.030948041122534124,46108.0,0.01650472802984298,-0.0002952719701570204,guide
90,page_0183,PROTECT,growing,0.9673976323591973,high_visibility_page,13.154666666666662,-0.030970825229230392,66579.0,0.0141486054161222,-0.0002513945838777988,landing
91,page_0063,PROTECT,growing,0.9655274809549994,high_visibility_page,9.3075,-0.024732703528758036,104509.0,0.019854749351730473,-0.00014525064826952788,category
92,page_0057,PROTECT,growing,0.9613400345856156,high_visibility_page,8.780166666666666,-0.022488746874131507,34045.0,0.02120722573065061,0.0012072257306506087,landing
93,page_0049,PROTECT,growing,0.9610853184403118,high_visibility_page,11.552166666666666,-0.03405084745762711,50998.0,0.016510451390250598,0.0009104513902505988,guide
94,page_0273,PROTECT,growing,0.9608670516499263,high_visibility_page,7.282500000000002,-0.022767713253681498,33802.0,0.029584048281166796,-0.0004159517188332025,product
95,page_0130,PROTECT,growing,0.9588056124584657,high_visibility_page,13.433499999999993,-0.03809641567101968,47346.0,0.013813204916994044,-0.0005867950830059556,category
96,page_0223,PROTECT,growing,0.9525855696432965,high_visibility_page,8.224166666666665,-0.024597110308419042,44421.0,0.024943157515589474,-5.684248441052697e-05,category
97,page_0112,PROTECT,growing,0.950991433199916,high_visibility_page,7.297166666666668,-0.022942206168380122,36246.0,0.029272195552612703,-0.0007278044473872959,landing
98,page_0024,PROTECT,growing,0.9485813945205056,high_visibility_page,3.9550000000000023,-0.015494303973325947,56888.0,0.07346013218956546,0.0034601321895654513,blog
99,page_0117,PROTECT,growing,0.9475399577805952,high_visibility_page,9.961000000000002,-0.02568268963600996,48689.0,0.01829982131487605,0.00029982131487605104,guide
100,page_0041,PROTECT,growing,0.9475367715837464,high_visibility_page,11.104333333333338,-0.024998055015282104,117115.0,0.016274601887034112,-0.0005253981129658865,blog
101,page_0266,PROTECT,growing,0.9469929198040258,high_visibility_page,14.222166666666665,-0.030807724367879884,45438.0,0.013226814560500021,2.68145605000214e-05,category
102,page_0256,PROTECT,growing,0.9448137592337906,high_visibility_page,13.768666666666668,-0.03349541539316465,43610.0,0.013506076587938546,0.0003060765879385457,blog
103,page_0051,PROTECT,growing,0.9365017200871654,high_visibility_page,14.10983333333333,-0.03646485134759646,43127.0,0.013355902334964176,0.00015590233496417562,guide
104,page_0038,PROTECT,growing,0.9266422257229704,high_visibility_page,7.118500000000001,-0.026531536537927187,44739.0,0.029795033416035226,-0.00020496658396477324,landing
105,page_0315,PROTECT,growing,0.9155766141985902,high_visibility_page,3.430333333333332,-0.010769102528480144,35675.0,0.09149264190609671,-0.008507358093903294,landing
106,page_0135,PROTECT,growing,0.8492890347906219,high_visibility_page,4.028833333333334,-0.008549319255348735,33343.0,0.07014965659958612,0.00014965659958611488,blog
107,page_0286,PROTECT,growing,0.8094959974877818,high_visibility_page,5.757499999999998,-0.00798805223673241,76576.0,0.04255902632678646,0.002559026326786458,landing
108,page_0246,PROTECT,growing,0.7568650680353659,high_visibility_page,13.131666666666662,-0.009148652403445324,75061.0,0.014748004955969144,0.00034800495596914484,category
109,page_0076,PROTECT,growing,0.6368547927031523,high_visibility_page,3.259833333333334,-0.0037429841622673076,65937.0,0.09613722189362574,-0.0038627781063742678,product
110,page_0094,PROTECT,growing,0.5805257283841798,high_visibility_page,5.869166666666668,-0.005398999722145004,257986.0,0.04242865891947625,0.0024286589194762523,category
111,page_0278,PROTECT,growing,0.5596638311604949,high_visibility_page,8.051666666666668,-0.007323145318143938,37560.0,0.025,0.0,landing
112,page_0104,MONITOR,growing,0.9800705928683732,no_strong_signal,12.986333333333333,-0.029863295359822125,32999.0,0.0143640716385345,-3.59283614654992e-05,product
113,page_0133,MONITOR,growing,0.9745668379838236,no_strong_signal,10.10533333333333,-0.026278966379549854,15184.0,0.018177028451001054,0.00017702845100105516,landing
114,page_0309,MONITOR,growing,0.9730060056648125,no_strong_signal,8.3165,-0.02301778271742148,31931.0,0.024396354639691836,-0.0006036453603081651,guide
115,page_0022,MONITOR,growing,0.9718991429745616,no_strong_signal,11.130500000000003,-0.03261822728535706,22811.0,0.016658629608522203,-0.0001413703914777964,guide
116,page_0226,MONITOR,growing,0.9712690173576345,no_strong_signal,10.3205,-0.022950541817171478,31154.0,0.01752583937857097,-0.00047416062142902754,category
117,page_0012,MONITOR,growing,0.9709089251241291,no_strong_signal,10.121500000000003,-0.02419922200611277,15613.0,0.018189969896880806,0.00018996989688080737,category
118,page_0317,MONITOR,growing,0.9701428856610573,no_strong_signal,7.950833333333334,-0.01491108641289248,28694.0,0.0259287655955949,0.0009287655955948979,blog
119,page_0182,MONITOR,growing,0.9694894099055504,no_strong_signal,12.358833333333333,-0.026602667407613273,32455.0,0.015159451548297643,-0.00044054845170235675,landing
120,page_0242,MONITOR,growing,0.969152810989537,no_strong_signal,11.017999999999999,-0.035476521255904385,17968.0,0.017586821015138022,0.0007868210151380228,blog
121,page_0017,MONITOR,growing,0.9687348585212086,no_strong_signal,9.873999999999999,-0.034514031675465524,14687.0,0.01851977939674542,0.0005197793967454227,landing
122,page_0249,MONITOR,growing,0.9677842282997382,no_strong_signal,12.297333333333333,-0.03434231731036402,29424.0,0.015259651984774334,-0.0003403480152256652,landing
123,page_0302,MONITOR,growing,0.96689233181142,no_strong_signal,10.278166666666666,-0.015759099749930304,18012.0,0.01765489673550966,-0.00034510326449033873,category
124,page_0074,MONITOR,growing,0.9668193324219131,no_strong_signal,12.516333333333327,-0.027729369269241452,21336.0,0.015138732658417697,0.0007387326584176977,guide
125,page_0269,MONITOR,growing,0.9628545851325834,no_strong_signal,8.754,-0.019345373714920813,13265.0,0.022691292875989446,0.0026912928759894456,guide
126,page_0243,MONITOR,growing,0.9620919695882869,no_strong_signal,6.006666666666669,-0.014204501250347317,18969.0,0.03890558279297802,-0.0010944172070219832,landing
127,page_0029,MONITOR,growing,0.9618267738031161,no_strong_signal,10.92233333333333,-0.03124590163934432,22723.0,0.01729525150728337,0.0004952515072833702,blog
128,page_0177,MONITOR,growing,0.9587656043886517,no_strong_signal,9.877666666666666,-0.02123867741039175,13181.0,0.018056293149229952,5.629314922995371e-05,blog
129,page_0298,MONITOR,growing,0.9560837540791037,no_strong_signal,7.288333333333332,-0.01783273131425396,20362.0,0.02976132010607995,-0.00023867989392004768,guide
130,page_0189,MONITOR,growing,0.9532878245521083,no_strong_signal,11.125000000000004,-0.03146151708808,19058.0,0.017315563018155105,0.000515563018155106,guide
131,page_0125,MONITOR,growing,0.9516101264841058,no_strong_signal,6.009166666666671,-0.01515671019727704,32185.0,0.04210035730930558,0.0021003573093055783,landing
132,page_0035,MONITOR,growing,0.9504556561630072,no_strong_signal,14.069333333333333,-0.032202834120589025,16778.0,0.013648825843366312,0.00044882584336631247,landing
133,page_0220,MONITOR,growing,0.948822172053206,no_strong_signal,14.186500000000004,-0.0288738538482913,18200.0,0.013296703296703297,9.670329670329741e-05,category
134,page_0166,MONITOR,growing,0.9481012176865005,low_visibility_page,11.625499999999997,-0.02995971103084196,7485.0,0.015898463593854377,0.0002984635938543777,guide
135,page_0092,MONITOR,growing,0.9476409628923903,no_strong_signal,4.605500000000002,-0.012568213392609027,16463.0,0.057887383830407584,0.00788738383040758,guide
136,page_0027,MONITOR,growing,0.9428420860205373,no_strong_signal,4.509333333333331,-0.012726312864684595,27663.0,0.060875537721866754,0.010875537721866751,guide
137,page_0099,MONITOR,growing,0.942585893680215,no_strong_signal,9.715666666666667,-0.019223673242567248,18742.0,0.018407854017714224,0.0004078540177142251,blog
138,page_0145,MONITOR,growing,0.9414312836425607,no_strong_signal,14.369833333333329,-0.035044456793553745,19075.0,0.012791612057667103,-0.0004083879423328971,landing
139,page_0101,MONITOR,growing,0.9404071484387143,no_strong_signal,4.227999999999999,-0.013882189497082498,15667.0,0.06842407608348759,-0.0015759239165124145,category
140,page_0083,MONITOR,growing,0.9398748827308803,no_strong_signal,8.745000000000001,-0.019018616282300574,9073.0,0.021712774165105257,0.001712774165105256,guide
141,page_0170,MONITOR,growing,0.9395099524948755,no_strong_signal,9.969333333333333,-0.025386496248958033,9544.0,0.017812238055322716,-0.0001877619446772824,landing
142,page_0100,MONITOR,growing,0.9376516642120579,no_strong_signal,3.6250000000000013,-0.017619338705195907,10296.0,0.08848096348096349,0.01848096348096348,category
143,page_0121,MONITOR,growing,0.9372187943752708,no_strong_signal,6.698833333333335,-0.02515726590719646,26319.0,0.03586762414985372,0.0058676241498537215,guide
144,page_0174,MONITOR,stable,0.9336216777137492,no_strong_signal,17.274833333333333,-0.0027738260627953202,17109.0,0.009410251914197205,-0.0001897480858027937,guide
145,page_0211,MONITOR,growing,0.932752351557727,no_strong_signal,9.872666666666664,-0.024404001111419885,18523.0,0.018787453436268423,0.0007874534362684246,blog
146,page_0232,MONITOR,growing,0.93194492566049,no_strong_signal,4.6593333333333335,-0.011874965268129999,10729.0,0.05760089477118091,0.007600894771180908,guide
147,page_0241,MONITOR,growing,0.9318969053043981,no_strong_signal,5.373833333333334,-0.015606279522089506,27190.0,0.04847370356748805,-0.0015262964325119532,guide
148,page_0042,MONITOR,stable,0.9309947938503137,no_strong_signal,15.193333333333333,0.0005857182550709704,10262.0,0.012375755213408692,0.00037575521340869195,landing
149,page_0033,MONITOR,stable,0.9308997564101755,no_strong_signal,13.033333333333331,-0.0028191164212279913,17146.0,0.013939111162953459,-0.00046088883704654103,category
150,page_0028,MONITOR,stable,0.9271399805210376,no_strong_signal,12.234333333333332,-0.001343706585162482,13594.0,0.015153744298955421,-0.00044625570104457786,category
151,page_0131,MONITOR,growing,0.927081003354563,low_visibility_page,7.551000000000001,-0.017078632953598287,5949.0,0.028240040342914774,0.0032400403429147726,landing
152,page_0086,MONITOR,stable,0.9270027331325781,no_strong_signal,10.044666666666668,0.0017238121700471512,16517.0,0.018344735726826905,0.0003447357268269065,product
153,page_0238,MONITOR,stable,0.9268691518343841,no_strong_signal,15.154666666666667,0.0020950263962212666,14485.0,0.012012426648256818,1.2426648256817427e-05,guide
154,page_0142,MONITOR,growing,0.9264680414767762,no_strong_signal,4.2465,-0.011167824395665472,19300.0,0.06621761658031088,-0.003782383419689131,blog
155,page_0118,MONITOR,stable,0.9218129733600958,no_strong_signal,12.16783333333333,0.0029366490691859664,15914.0,0.014955385195425412,-0.0006446148045745875,category
156,page_0018,MONITOR,stable,0.9200091678873453,no_strong_signal,19.69333333333333,-0.0027768824673519515,11629.0,0.006105426089947545,0.00010542608994754468,category
157,page_0016,MONITOR,stable,0.9193562026026101,no_strong_signal,15.538833333333333,0.006415948874687404,14245.0,0.010951210951210951,0.0001512109512109526,guide
158,page_0283,MONITOR,stable,0.9174350873219155,no_strong_signal,18.876666666666665,0.0027040844679078334,12646.0,0.006958722125573304,-0.0002412778744266958,product
159,page_0181,MONITOR,stable,0.917218242852719,no_strong_signal,11.082500000000003,-0.0014506807446512655,9877.0,0.01609800546724714,-0.0007019945327528601,product
160,page_0123,MONITOR,stable,0.916723626383755,no_strong_signal,13.147333333333338,-0.0032247846624061964,15723.0,0.014755453793805254,0.00035545379380525453,blog
161,page_0102,MONITOR,stable,0.915465338085527,no_strong_signal,13.409666666666672,0.0005773826062794915,24013.0,0.01386748844375963,-0.0005325115562403691,blog
162,page_0208,MONITOR,stable,0.9145131077836371,impressions_up_clicks_flat,10.955499999999999,0.0007899416504585094,16381.0,0.017092973566937307,0.00029297356693730806,guide
163,page_0279,MONITOR,stable,0.9142328969966055,impressions_up_clicks_flat,13.10866666666667,0.00018005001389265332,13492.0,0.014230655203083309,-0.00016934479691669072,guide
164,page_0132,MONITOR,stable,0.9139076886666527,impressions_up_clicks_flat,19.8255,-0.002149763823284276,13796.0,0.006306175703102349,0.0003061757031023486,landing
165,page_0127,MONITOR,growing,0.9124084782084765,low_visibility_page,6.268333333333334,-0.017474854126146168,5592.0,0.039163090128755365,-0.0008369098712446357,landing
166,page_0075,MONITOR,stable,0.9122259724698654,high_visibility_page,20.8905,0.0002420116699084435,54484.0,0.005818221863299318,-0.00018177813670068252,product
167,page_0043,MONITOR,stable,0.9098897131751235,no_strong_signal,14.539333333333333,-0.004132258960822407,18683.0,0.011828935395814377,-0.0001710646041856237,guide
168,page_0097,MONITOR,stable,0.9060310577631505,impressions_up_clicks_flat,8.018166666666666,0.002243123089747206,23970.0,0.025406758448060077,0.00040675844806007527,guide
169,page_0248,MONITOR,stable,0.9058159803533844,impressions_up_clicks_flat,9.460666666666667,0.001240344540150059,18001.0,0.01877673462585412,-0.001223265374145882,landing
170,page_0157,MONITOR,growing,0.9054694440641974,no_strong_signal,4.028166666666667,-0.009736871353153643,11784.0,0.07544127630685675,0.005441276306856743,guide
171,page_0237,MONITOR,stable,0.9052590288060421,impressions_up_clicks_flat,15.885166666666667,-0.0023953876076687535,10018.0,0.011080055899381115,0.000280055899381116,category
172,page_0210,MONITOR,stable,0.9050872417372479,high_visibility_page,22.94216666666667,0.0024103917754929997,52712.0,0.006222492032174837,0.00022249203217483693,landing
173,page_0255,MONITOR,growing,0.9043822015351949,no_strong_signal,3.8456666666666663,-0.009612114476243376,20105.0,0.07948271574235265,0.00948271574235264,guide
174,page_0107,MONITOR,stable,0.9013642091553119,high_visibility_page,8.22533333333333,-0.002706307307585504,40274.0,0.02321597060138054,-0.0017840293986194598,landing
175,page_0289,MONITOR,stable,0.8980446706660198,no_strong_signal,11.505166666666664,0.007113920533481562,23017.0,0.01655298257809445,0.0009529825780944523,guide
176,page_0310,MONITOR,stable,0.8972714612823192,no_strong_signal,10.253166666666665,-0.0035512642400665163,23490.0,0.01843337590464027,0.00043337590464027215,product
177,page_0110,MONITOR,stable,0.8958254755083526,high_visibility_page,19.48616666666667,0.0013984440122253063,36103.0,0.0067030440683599705,-0.0004969559316400293,product
178,page_0136,MONITOR,stable,0.8926188753355281,no_strong_signal,14.471833333333333,0.005218949708252316,16687.0,0.013064061844549649,-0.0001359381554503509,blog
179,page_0088,MONITOR,stable,0.8919882006685836,no_strong_signal,6.913666666666665,-7.668796888027194e-05,15207.0,0.03077530084829355,0.0007753008482935496,guide
180,page_0190,MONITOR,stable,0.8916439540586172,no_strong_signal,13.046500000000002,-0.005201166990830786,19767.0,0.01451914807507462,0.00011914807507461961,landing
181,page_0168,MONITOR,stable,0.891216261696124,no_strong_signal,14.043000000000001,-0.0011731036399000002,28898.0,0.012803654232126791,-0.0003963457678732088,blog
182,page_0085,MONITOR,stable,0.8869054192250365,no_strong_signal,7.286500000000002,0.0011767157543762495,33024.0,0.029039486434108527,-0.0009605135658914722,landing
183,page_0045,MONITOR,stable,0.8831463665880329,high_visibility_page,9.522166666666667,-0.002642122811892249,35827.0,0.0184497725179334,0.0004497725179334021,category
184,page_0011,MONITOR,stable,0.8821969713468276,impressions_up_clicks_flat,26.24766666666666,-0.0021383717699361656,24120.0,0.00609452736318408,9.452736318407966e-05,blog
185,page_0295,MONITOR,stable,0.8763752750644493,no_strong_signal,19.216166666666663,-0.004078077243678955,22573.0,0.006733708412705444,-0.0004662915872945556,guide
186,page_0050,MONITOR,stable,0.8731602445166008,no_strong_signal,14.215833333333329,0.006637121422617455,14757.0,0.012943010096903164,-0.00025698990309683603,guide
187,page_0307,MONITOR,stable,0.8720879457451248,high_visibility_page,9.367333333333333,0.005126424006668569,44031.0,0.01948627103631532,-0.0005137289636846787,guide
188,page_0021,MONITOR,stable,0.8717347706318925,no_strong_signal,9.323666666666668,-0.004138927479855539,23736.0,0.020011796427367712,1.1796427367712081e-05,blog
189,page_0036,MONITOR,stable,0.871312777017271,no_strong_signal,10.798,-0.00545151430953039,16627.0,0.017020508810970107,0.00022050881097010824,category
190,page_0037,MONITOR,stable,0.8682128711254783,high_visibility_page,13.706666666666667,-0.0018888580161156578,35574.0,0.013099454657896217,-0.0001005453421037833,blog
191,page_0062,MONITOR,stable,0.8679236540534947,high_visibility_page,10.077666666666666,0.0054298416226729205,78971.0,0.0181712274125945,0.00017122741259449972,landing
192,page_0143,MONITOR,stable,0.8666942598476514,no_strong_signal,13.032333333333334,0.0013387051958878144,20142.0,0.01405024327276338,-0.00034975672723661956,landing
193,page_0188,MONITOR,stable,0.860497338473984,no_strong_signal,11.649833333333337,-0.0003409280355655053,13742.0,0.016227623344491342,0.0006276233444913425,blog
194,page_0093,MONITOR,stable,0.8600256937099873,no_strong_signal,9.587,-0.0028808002222839276,14233.0,0.019040258554064497,0.001040258554064498,guide
195,page_0105,MONITOR,stable,0.8586783971573975,high_visibility_page,19.939166666666665,0.0018052236732425332,50325.0,0.00633879781420765,0.00033879781420765014,guide
196,page_0172,MONITOR,growing,0.8576618888338502,no_strong_signal,4.073,-0.009184773548207795,15128.0,0.0693416181914331,-0.0006583818085669074,product
197,page_0311,MONITOR,stable,0.8573775074393492,impressions_up_clicks_flat,16.709666666666667,-0.0014070575159765618,16813.0,0.010230179028132993,0.000630179028132994,guide
198,page_0140,MONITOR,stable,0.8564326296337722,no_strong_signal,15.15516666666667,-0.004343706585162564,22668.0,0.01173460384683254,-0.0002653961531674607,guide
199,page_0091,MONITOR,stable,0.8539072007117776,impressions_up_clicks_flat,15.246833333333333,-0.005322311753264898,29266.0,0.012061778172623522,6.177817262352156e-05,product
200,page_0079,MONITOR,stable,0.8538101454011944,no_strong_signal,8.776333333333334,0.001523756599055332,10563.0,0.02186878727634195,0.0018687872763419495,product
201,page_0173,MONITOR,stable,0.8502846211961242,no_strong_signal,24.788499999999996,-0.0006348985829396117,14515.0,0.005580434033758182,-0.00041956596624181854,guide
202,page_0137,MONITOR,stable,0.8493085809986541,high_visibility_page,15.494666666666665,0.001318143928869094,61898.0,0.011211993925490323,-0.000788006074509677,landing
203,page_0008,MONITOR,stable,0.8435523790342793,no_strong_signal,14.909500000000003,-0.004788830230619618,11210.0,0.011507582515611061,-0.0004924174843889389,guide
204,page_0316,MONITOR,growing,0.8400720971825608,low_visibility_page,13.509666666666666,-0.03383773270352869,7137.0,0.013871374527112233,0.000671374527112233,landing
205,page_0198,MONITOR,stable,0.8354845799721587,no_strong_signal,13.492500000000005,0.0020791886635176397,21239.0,0.013465794058100665,-0.000934205941899335,landing
206,page_0261,MONITOR,stable,0.834862480299318,no_strong_signal,9.064500000000002,0.011254515143095339,16235.0,0.01946412072682476,-0.0005358792731752389,category
207,page_0281,MONITOR,stable,0.8342950686157059,high_visibility_page,15.365999999999998,0.007997777160322333,40549.0,0.011319637968877161,-0.000680362031122839,category
208,page_0159,MONITOR,stable,0.8326573596470036,impressions_up_clicks_flat,17.1675,0.004846624062239482,30589.0,0.009186308803818367,-0.00041369119618163246,blog
209,page_0160,MONITOR,stable,0.8314864702186764,no_strong_signal,14.291666666666668,-0.0007374270630730482,17581.0,0.012399749729821967,-0.0008002502701780333,landing
210,page_0080,MONITOR,stable,0.8295068130675748,high_visibility_page,20.607833333333335,0.0001797721589328615,53966.0,0.005892599043842419,-0.00010740095615758075,category
211,page_0146,MONITOR,stable,0.8264385266594592,high_visibility_page,10.298,-0.0023978883023061757,49086.0,0.0179888359206291,-1.1164079370899749e-05,blog
212,page_0204,MONITOR,stable,0.8218125560856371,no_strong_signal,13.802333333333332,-0.0011041956098915902,14119.0,0.013244564062610667,4.456406261066706e-05,product
213,page_0054,MONITOR,stable,0.8187407008966224,no_strong_signal,9.557,0.0044190052792442884,20638.0,0.01909099718965016,0.00109099718965016,guide
214,page_0292,MONITOR,stable,0.8182221802014821,no_strong_signal,11.267000000000001,-0.0019938871908863087,18301.0,0.017540025135238512,0.0007400251352385132,product
215,page_0019,MONITOR,stable,0.8150045727173904,high_visibility_page,14.187833333333337,-0.0034551264240067427,37255.0,0.012427862031942022,-0.0007721379680579784,category
216,page_0180,MONITOR,stable,0.8115269209107826,no_strong_signal,16.735833333333332,0.003403445401500567,19101.0,0.010051829747133659,0.0004518297471336596,landing
217,page_0032,MONITOR,stable,0.810794316856274,impressions_up_clicks_flat;high_visibility_page,16.51383333333334,-0.005088913587107502,33453.0,0.010522225211490748,0.000922225211490749,category
218,page_0000,MONITOR,stable,0.8011011358655555,no_strong_signal,5.219333333333333,0.004038899694359498,32350.0,0.04927357032457496,-0.0007264296754250429,guide
219,page_0184,MONITOR,stable,0.8010230483470023,impressions_up_clicks_flat;high_visibility_page,8.373000000000001,0.0056993609335926725,43037.0,0.023747008388131142,-0.0012529916118688596,guide
220,page_0151,MONITOR,stable,0.7999593928934925,no_strong_signal,24.034499999999994,-0.007344540150041892,14758.0,0.006030627456294891,3.0627456294890845e-05,blog
221,page_0058,MONITOR,stable,0.7966387971817918,no_strong_signal,16.811333333333334,0.002567379827729998,16521.0,0.010229404999697355,0.0006294049996973562,guide
222,page_0003,MONITOR,stable,0.7947416448696653,no_strong_signal,7.219166666666667,0.0008610725201444095,14686.0,0.02893912569794362,-0.0010608743020563798,landing
223,page_0150,MONITOR,stable,0.7924307678185472,impressions_up_clicks_flat;high_visibility_page,8.7145,-0.002917754931925441,44120.0,0.021917497733454215,0.0019174977334542147,landing
224,page_0015,MONITOR,stable,0.7923020660121108,no_strong_signal,23.07533333333333,0.002028896915809874,15392.0,0.0059121621621621625,-8.783783783783763e-05,landing
225,page_0113,MONITOR,stable,0.7916384484804395,no_strong_signal,15.087999999999994,0.0019449847179772134,23422.0,0.011954572624028692,-4.542737597130857e-05,blog
226,page_0244,MONITOR,stable,0.7905435766097522,no_strong_signal,14.688166666666666,-0.006993887190886433,14332.0,0.011861568518001674,-0.0001384314819983263,landing
227,page_0014,MONITOR,stable,0.7842043846840181,high_visibility_page,14.993333333333334,0.003460961378160609,33702.0,0.012046762803394458,4.67628033944574e-05,blog
228,page_0275,MONITOR,stable,0.7839310433244413,no_strong_signal,8.791833333333336,-0.00011864406779668013,12374.0,0.020365282042993375,0.00036528204299337425,blog
229,page_0134,MONITOR,stable,0.7736079073076929,no_strong_signal,5.698500000000001,0.006604334537371538,25149.0,0.04230784524235556,0.002307845242355562,blog
230,page_0179,MONITOR,stable,0.7683650119112957,no_strong_signal,20.7795,-0.003095026396221335,19149.0,0.006527756018591049,0.0005277560185910487,category
231,page_0120,MONITOR,stable,0.7631487402714332,no_strong_signal,9.57666666666667,-0.003298138371769927,10197.0,0.019515543787388446,0.0015155437873884472,landing
232,page_0250,MONITOR,growing,0.7573689280240484,no_strong_signal,10.502166666666671,-0.020589886079466622,11928.0,0.017354124748490945,0.0005541247484909459,blog
233,page_0072,MONITOR,stable,0.7514402073660624,no_strong_signal,7.973166666666668,-0.005773548207835453,10271.0,0.02472982182844903,-0.00027017817155097074,category
234,page_0260,MONITOR,stable,0.7496242354228072,no_strong_signal,11.95416666666666,-0.006201444845790438,8965.0,0.016062465142219744,0.0004624651422197451,product
235,page_0047,MONITOR,stable,0.745118844119715,no_strong_signal,8.372666666666667,-0.00017671575437627087,20781.0,0.023819835426591596,-0.001180164573408405,blog
236,page_0176,MONITOR,stable,0.7449204492845422,impressions_up_clicks_flat;high_visibility_page,5.197499999999997,0.0007110308419005129,52630.0,0.0520235607068212,0.0020235607068211994,blog
237,page_0152,MONITOR,stable,0.7444243185594495,no_strong_signal,13.581333333333333,0.011036398999722136,12654.0,0.013434487118697646,0.0002344871186976457,product
238,page_0048,MONITOR,stable,0.7412790717751816,no_strong_signal,19.967666666666666,0.0008068908030007978,21808.0,0.006190388848129127,0.0001903888481291265,category
239,page_0002,MONITOR,stable,0.7405847450635777,no_strong_signal,17.568500000000004,-0.0006215615448735834,26499.0,0.008679572814068455,0.0002795728140684555,blog
240,page_0313,MONITOR,stable,0.7392382385408809,high_visibility_page,11.163333333333327,-0.004582383995554325,35286.0,0.01663549283001757,-0.00016450716998242867,guide
241,page_0293,MONITOR,stable,0.7377616502584033,no_strong_signal,11.77816666666667,-0.0022753542650736087,23980.0,0.01609674728940784,0.0004967472894078402,product
242,page_0258,MONITOR,growing,0.7364259738291145,low_visibility_page,12.393499999999996,-0.03403973325923873,4832.0,0.014486754966887417,-0.0011132450331125827,product
243,page_0290,MONITOR,stable,0.7350558167916584,no_strong_signal,24.65483333333334,0.002643234231731199,31305.0,0.00590959910557419,-9.040089442581035e-05,landing
244,page_0205,MONITOR,stable,0.7201907167631589,impressions_up_clicks_flat;high_visibility_page,12.69083333333333,0.010447068630175037,52117.0,0.014467448241456722,6.744824145672214e-05,landing
245,page_0253,MONITOR,stable,0.7173114795589651,no_strong_signal,7.959166666666669,0.006487635454292835,12861.0,0.02573672342741622,0.0007367234274162186,landing
246,page_0207,MONITOR,stable,0.7155027424152337,no_strong_signal,17.591166666666666,-4.362322867469483e-05,20950.0,0.008878281622911694,0.000478281622911695,blog
247,page_0068,MONITOR,growing,0.7154305884132104,no_strong_signal,5.865500000000001,-0.007751875520978028,19274.0,0.0403652588979973,0.00036525889799730177,category
248,page_0169,MONITOR,growing,0.7132984837039554,low_visibility_page,9.801666666666666,-0.021563767713253634,4232.0,0.018431001890359167,0.00043100189035916864,product
249,page_0191,MONITOR,growing,0.7122744812543076,low_visibility_page,8.165500000000003,-0.01968574604056695,4752.0,0.02462121212121212,-0.0003787878787878812,product
250,page_0247,MONITOR,stable,0.7084287557524118,no_strong_signal,23.487,0.00018505140316747595,25657.0,0.005963284873523795,-3.671512647620504e-05,category
251,page_0296,MONITOR,stable,0.7075536162606039,impressions_up_clicks_flat,15.103999999999997,-0.007765490414004014,11034.0,0.011419249592169658,-0.0005807504078303421,guide
252,page_0158,MONITOR,stable,0.7043989939229753,no_strong_signal,16.087666666666667,-0.0014048346762986145,17083.0,0.011122168237429023,0.00032216823742902377,category
253,page_0077,MONITOR,stable,0.7022810661931688,high_visibility_page,7.0153333333333325,-0.003253125868296764,46400.0,0.030538793103448276,0.0005387931034482769,product
254,page_0073,MONITOR,stable,0.6939853966130729,no_strong_signal,22.908499999999997,9.641567101964041e-05,28645.0,0.005899807994414383,-0.00010019200558561685,product
255,page_0227,MONITOR,stable,0.6900190980250279,no_strong_signal,6.302166666666667,0.00336121144762431,18522.0,0.038656732534283554,-0.0013432674657164467,guide
256,page_0264,MONITOR,growing,0.6876788528656107,low_visibility_page,12.185,-0.023273131425395995,7599.0,0.015528358994604554,-7.164100539544527e-05,product
257,page_0199,MONITOR,growing,0.6871062602164903,low_visibility_page,12.336999999999993,-0.03362045012503473,7810.0,0.015364916773367477,-0.0002350832266325223,guide
258,page_0259,MONITOR,stable,0.6860727799679622,no_strong_signal,4.205,0.0017782717421505772,19072.0,0.06842491610738255,-0.001575083892617457,guide
259,page_0056,MONITOR,stable,0.6810879716070444,no_strong_signal,7.3713333333333315,0.0038049458182827923,11275.0,0.02802660753880266,-0.001973392461197338,landing
260,page_0225,MONITOR,stable,0.6761546152475156,no_strong_signal,4.938833333333332,-0.0008871908863573107,18191.0,0.05293826617558133,0.002938266175581329,category
261,page_0224,MONITOR,stable,0.6733619975698115,high_visibility_page,6.956999999999999,-0.0040327868852459234,33663.0,0.03068651041202507,0.0006865104120250716,landing
262,page_0005,MONITOR,stable,0.6731127244795395,no_strong_signal,16.165000000000003,0.005590997499305421,13326.0,0.010580819450697884,-0.00021918054930211532,landing
263,page_0265,MONITOR,stable,0.6725725974002938,high_visibility_page,8.722999999999997,0.004636843567657609,48073.0,0.021987394171364385,0.0019873941713643845,category
264,page_0030,MONITOR,stable,0.666404322882641,no_strong_signal,11.750833333333333,-0.006663795498749772,27876.0,0.015999426029559477,0.00039942602955947773,category
265,page_0153,MONITOR,stable,0.6607388986875546,no_strong_signal,4.417166666666668,0.001807446512920231,19950.0,0.061203007518796995,-0.008796992481203011,landing
266,page_0013,MONITOR,stable,0.6605451977739536,high_visibility_page,7.491333333333338,0.001098082800778018,44817.0,0.028069705692036505,-0.001930294307963494,landing
267,page_0291,MONITOR,stable,0.6542514203601492,no_strong_signal,5.267666666666666,-0.00041344818004997636,13083.0,0.051287930902698155,0.001287930902698152,landing
268,page_0046,MONITOR,stable,0.6513318890280647,no_strong_signal,17.672666666666668,8.669074742974658e-05,11328.0,0.00882768361581921,0.00042768361581920974,guide
269,page_0144,MONITOR,stable,0.6424961996396749,high_visibility_page,4.494666666666666,0.000703528757988352,55561.0,0.06090603120894152,-0.009093968791058483,product
270,page_0149,MONITOR,stable,0.6058654770678024,no_strong_signal,4.621166666666667,-0.004641567101972741,18749.0,0.05866979572243853,0.008669795722438527,blog
271,page_0069,MONITOR,stable,0.6046115488633428,high_visibility_page,10.033666666666665,-0.0021211447624341186,64618.0,0.017998081030053546,-1.918969946453075e-06,landing
272,page_0314,MONITOR,stable,0.5897441334278888,no_strong_signal,10.24483333333333,0.0009944429008058458,26858.0,0.01779730434135081,-0.00020269565864919,category
273,page_0163,MONITOR,stable,0.5885241942253076,high_visibility_page,4.852666666666666,0.00037121422617395345,38184.0,0.05554682589566311,0.0055468258956631045,category
274,page_0209,MONITOR,stable,0.5790848675833296,no_strong_signal,7.68716666666667,-0.0024303973325923963,26572.0,0.0273972602739726,0.0023972602739726,category
275,page_0064,MONITOR,growing,0.5770925291825548,low_visibility_page,8.495499999999998,-0.01800916921367044,3017.0,0.021876035797149487,-0.003123964202850514,guide
276,page_0213,MONITOR,stable,0.5509870573587499,high_visibility_page,14.448166666666669,-0.0029399833287023997,80708.0,0.012501858551816425,-0.0006981414481835747,guide
277,page_0272,MONITOR,growing,0.52813283852023,low_visibility_page,14.666000000000002,-0.036472353431508744,4833.0,0.012207738464721705,0.00020773846472170454,category
278,page_0312,MONITOR,stable,0.5241526352100192,high_visibility_page,8.077333333333332,0.0030991942206167367,47692.0,0.025769521093684477,0.0007695210936844755,blog
279,page_0082,MONITOR,stable,0.5238907797798248,high_visibility_page,13.029166666666667,-0.004519310919700015,57404.0,0.015155738276078322,0.0007557382760783223,category
280,page_0305,MONITOR,stable,0.5051259328599138,high_visibility_page,4.703333333333334,0.003673242567379802,50923.0,0.05349252793433223,0.003492527934332225,landing
281,page_0222,MONITOR,stable,0.4924279726572243,no_strong_signal,4.528999999999999,0.0066012781328146225,11432.0,0.058869839048285515,0.008869839048285512,blog
282,page_0165,MONITOR,growing,0.4837235385373226,low_visibility_page,12.255666666666665,-0.02532258960822449,1251.0,0.0015987210231814548,-0.014001278976818545,landing
283,page_0306,MONITOR,stable,0.48138683778044755,high_visibility_page,16.449166666666663,-0.009709085857182633,72231.0,0.01027259763813321,-0.000527402361866788,blog
284,page_0059,LOW_PRIORITY,stable,0.9355802043630522,low_visibility_page,17.306833333333323,0.003546818560711078,8964.0,0.009147701918786257,-0.0004522980812137426,guide
285,page_0277,LOW_PRIORITY,stable,0.9081901883951279,low_visibility_page,17.575,0.001717699360933801,6758.0,0.008878366380585973,0.00047836638058597336,product
286,page_0187,LOW_PRIORITY,stable,0.8668540265589125,impressions_up_clicks_flat;low_visibility_page,14.508000000000003,-0.00016615726590719495,7597.0,0.012373305252073186,0.0003733052520731861,category
287,page_0009,LOW_PRIORITY,stable,0.8494199722336736,low_visibility_page,7.040166666666667,0.0003759377604890286,6708.0,0.030858676207513418,0.0008586762075134188,product
288,page_0116,LOW_PRIORITY,stable,0.849236043410607,low_visibility_page,5.346,0.003076410113920554,8814.0,0.04583616972997504,-0.004163830270024961,product
289,page_0284,LOW_PRIORITY,stable,0.8437069264355892,impressions_up_clicks_flat;low_visibility_page,17.057166666666667,-0.0038419005279244907,7564.0,0.009122157588577472,-0.00047784241142252715,guide
290,page_0217,LOW_PRIORITY,stable,0.8409464815050932,impressions_up_clicks_flat;low_visibility_page,15.186833333333333,0.001025562656293403,5118.0,0.011918718249316139,-8.128175068386131e-05,product
291,page_0206,LOW_PRIORITY,stable,0.8308586653078949,low_visibility_page,6.751666666666665,0.004235621005834955,8473.0,0.03351823439159684,0.0035182343915968403,category
292,page_0200,LOW_PRIORITY,stable,0.8235797024757763,low_visibility_page,8.707999999999997,0.0019505418171712802,5140.0,0.02198443579766537,0.001984435797665371,category
293,page_0194,LOW_PRIORITY,stable,0.8195937088630896,low_visibility_page,24.270500000000002,-0.0005854404001111717,5681.0,0.0070410139060024645,0.0010410139060024644,guide
294,page_0270,LOW_PRIORITY,stable,0.8091993922343649,low_visibility_page,20.66216666666667,-0.004211447624340059,6623.0,0.008153404801449495,0.0021534048014494947,product
295,page_0274,LOW_PRIORITY,stable,0.8073814619264935,low_visibility_page,5.941333333333334,0.002646846346207194,4292.0,0.0407735321528425,0.000773532152842496,blog
296,page_0304,LOW_PRIORITY,stable,0.7961738003612067,low_visibility_page,15.318333333333339,-0.003785495971103121,4896.0,0.012254901960784314,0.0002549019607843133,guide
297,page_0078,LOW_PRIORITY,stable,0.7888508644333954,impressions_up_clicks_flat;low_visibility_page,23.485333333333333,0.0013348152264519126,6004.0,0.00782811459027315,0.0018281145902731503,guide
298,page_0167,LOW_PRIORITY,stable,0.7718827506661265,low_visibility_page,6.5405,0.0030183384273409523,5417.0,0.034151744508030275,0.0041517445080302764,product
299,page_0228,LOW_PRIORITY,stable,0.7571242980064714,low_visibility_page,11.125333333333332,0.008464573492636795,5397.0,0.016120066703724293,-0.000679933296275706,landing
300,page_0318,LOW_PRIORITY,stable,0.748363737105016,low_visibility_page,5.504666666666667,-0.0016821339260906438,4471.0,0.04495638559606352,0.004956385596063519,blog
301,page_0098,LOW_PRIORITY,stable,0.7434660359376276,impressions_up_clicks_flat;low_visibility_page,17.927666666666664,-0.0026379549874966054,1843.0,0.0,-0.0084,guide
302,page_0020,LOW_PRIORITY,stable,0.737521211598294,low_visibility_page,8.561666666666667,-0.0036171158655182354,3427.0,0.02100962941348118,0.0010096294134811779,category
303,page_0111,LOW_PRIORITY,stable,0.7229094296018201,low_visibility_page,21.065833333333337,0.05548457904973606,702.0,0.0,-0.006,guide
304,page_0171,LOW_PRIORITY,stable,0.721231423279327,impressions_up_clicks_flat;low_visibility_page,3.9771666666666663,-0.00019866629619340328,7226.0,0.07182396900083034,0.0018239690008303305,guide
305,page_0300,LOW_PRIORITY,stable,0.7157906018333949,low_visibility_page,23.62966666666666,-0.004586829674909606,1674.0,0.0,-0.006,blog
306,page_0285,LOW_PRIORITY,stable,0.7143196674860965,low_visibility_page,12.716333333333331,0.005604890247291071,2978.0,0.019140362659503023,0.004740362659503023,category
307,page_0010,LOW_PRIORITY,stable,0.7132841053843827,low_visibility_page,20.682333333333325,-0.0013203667685469244,3243.0,0.0003083564600678384,-0.005691643539932162,blog
308,page_0067,LOW_PRIORITY,stable,0.7008278598170761,low_visibility_page,12.713333333333335,-0.000880800222283966,1674.0,0.005973715651135006,-0.008426284348864993,category
309,page_0303,LOW_PRIORITY,stable,0.6573584769024977,low_visibility_page,15.739000000000004,0.04169658238399568,1772.0,0.001128668171557562,-0.009671331828442436,blog
310,page_0081,LOW_PRIORITY,stable,0.6435637763032077,low_visibility_page,24.046166666666654,-0.006106974159488968,6254.0,0.007035497281739686,0.001035497281739686,product
311,page_0230,LOW_PRIORITY,stable,0.6380595993152317,low_visibility_page,10.1745,-0.0035418171714365725,1960.0,0.023979591836734693,0.005979591836734695,category
312,page_0216,LOW_PRIORITY,stable,0.6124253608167856,low_visibility_page,11.431000000000004,-0.007721589330369679,3287.0,0.01794949802251293,0.0011494980225129313,product
313,page_0257,LOW_PRIORITY,stable,0.6089740005872788,low_visibility_page,10.108666666666666,-0.009027507641011383,4533.0,0.018089565409221266,8.956540922126777e-05,guide
314,page_0044,LOW_PRIORITY,stable,0.6043854382509027,low_visibility_page,7.969499999999999,-0.00888274520700192,5635.0,0.026264418811002662,0.0012644188110026607,blog
315,page_0109,LOW_PRIORITY,stable,0.5896673360349589,low_visibility_page,25.920000000000005,-0.010091692136704723,7084.0,0.007763975155279503,0.0017639751552795029,landing
316,page_0252,LOW_PRIORITY,stable,0.5639394214494176,low_visibility_page,7.036999999999997,-0.007622117254792989,8163.0,0.03221854710278084,0.0022185471027808407,landing
317,page_0156,LOW_PRIORITY,stable,0.5543313559108495,impressions_up_clicks_flat;low_visibility_page,20.403000000000002,-0.009892192275632008,2020.0,0.0,-0.006,category
318,page_0090,LOW_PRIORITY,stable,0.5320333771509344,low_visibility_page,20.462499999999995,0.046428174492914864,1112.0,0.0,-0.006,product
319,page_0282,LOW_PRIORITY,stable,0.5089184938709104,low_visibility_page,3.6908333333333343,-0.00301000277854959,1819.0,0.07806487080813634,0.008064870808136337,blog
320,page_0119,LOW_PRIORITY,stable,0.48612532727257096,low_visibility_page,3.507166666666667,-0.0001864406779660786,5365.0,0.08704566635601119,0.01704566635601118,landing
